,min,avg,max,mdev
,,,,
planetlab-n2.wand.net.nz,171.497,171.759,175.396,0.885
,,,,
planetlab-n2.wand.net.nz,171.515,171.962,174.313,0.799
,,,,
planetlab-n2.wand.net.nz,171.517,172.184,176.373,1.281
,,,,
planetlab-n2.wand.net.nz,171.516,172.035,173.902,0.7
,,,,
planetlab-n2.wand.net.nz,171.562,175.196,187.462,3.789
,,,,
planetlab-n2.wand.net.nz,171.506,171.543,171.591,0.507
,,,,
planetlab-n2.wand.net.nz,171.535,172.149,180.462,2
,,,,
planetlab-n2.wand.net.nz,171.513,171.904,178.43,1.542
,,,,
planetlab-n2.wand.net.nz,171.521,171.654,172.302,0.408
,,,,
planetlab-n2.wand.net.nz,171.491,171.553,171.82,0.458
,,,,
planetlab-n2.wand.net.nz,171.528,173.31,191.348,5.076
,,,,
planetlab-n2.wand.net.nz,171.519,171.573,171.756,0.266
,,,,
planetlab-n2.wand.net.nz,171.514,171.795,173.701,0.719
,,,,
planetlab-n2.wand.net.nz,171.521,172.349,175.718,1.034
,,,,
planetlab-n2.wand.net.nz,171.527,174.097,187.083,4.107
,,,,
planetlab-n2.wand.net.nz,171.527,173.185,177.623,1.944
,,,,
planetlab-n2.wand.net.nz,171.557,172.859,178.847,1.974
,,,,
planetlab-n2.wand.net.nz,171.524,173.517,177.577,1.844
,,,,
planetlab-n2.wand.net.nz,171.508,173.16,177.583,1.73
,,,,
planetlab-n2.wand.net.nz,171.527,173.223,179.429,2.493
,,,,
planetlab-n2.wand.net.nz,171.512,172.445,179.302,1.917
,,,,
planetlab-n2.wand.net.nz,171.522,171.688,172.282,0.549
,,,,
planetlab-n2.wand.net.nz,171.525,172.373,176.019,1.076
,,,,
planetlab-n2.wand.net.nz,171.519,171.549,171.589,0.37
,,,,
planetlab-n2.wand.net.nz,171.499,171.549,171.636,0.416
,,,,
planetlab-n2.wand.net.nz,171.522,172.233,178.609,1.652
,,,,
planetlab-n2.wand.net.nz,171.52,171.56,171.601,0.132
,,,,
planetlab-n2.wand.net.nz,171.522,171.772,172.894,0.578
,,,,
planetlab-n2.wand.net.nz,171.526,175.993,198.317,6.245
,,,,
planetlab-n2.wand.net.nz,171.493,171.761,175.494,1.004
,,,,
planetlab-n2.wand.net.nz,171.485,171.579,172.319,0.519
,,,,
planetlab-n2.wand.net.nz,171.516,171.825,177.186,1.304
,,,,
planetlab-n2.wand.net.nz,171.513,171.705,174.908,0.883
,,,,
planetlab-n2.wand.net.nz,171.54,171.795,172.436,0.602
,,,,
planetlab-n2.wand.net.nz,171.513,171.537,171.595,0.293
,,,,
planetlab-n2.wand.net.nz,171.515,171.536,171.568,0.37
,,,,
planetlab-n2.wand.net.nz,171.492,171.548,171.635,0.454
,,,,
planetlab-n2.wand.net.nz,171.545,171.908,173.1,0.678
,,,,
planetlab-n2.wand.net.nz,171.543,172.068,173.555,0.761
,,,,
planetlab-n2.wand.net.nz,171.531,172.364,174.297,0.902
,,,,
planetlab-n2.wand.net.nz,171.499,172.498,183.928,2.662
,,,,
planetlab-n2.wand.net.nz,171.544,172.356,179.35,1.712
,,,,
planetlab-n2.wand.net.nz,171.554,172.32,173.635,0.699
,,,,
planetlab-n2.wand.net.nz,171.515,172.78,176.139,1.433
,,,,
planetlab-n2.wand.net.nz,171.548,171.836,172.704,0.598
,,,,
planetlab-n2.wand.net.nz,171.568,171.984,173.881,0.719
,,,,
planetlab-n2.wand.net.nz,171.523,172.122,173.849,0.738
,,,,
planetlab-n2.wand.net.nz,171.539,172.906,178.194,1.781
,,,,
planetlab-n2.wand.net.nz,171.52,171.81,173.198,0.538
,,,,
planetlab-n2.wand.net.nz,171.551,172.031,173.657,0.672
,,,,
planetlab-n2.wand.net.nz,171.522,171.818,173.694,0.799
,,,,
planetlab-n2.wand.net.nz,171.502,171.549,171.622,0.571
,,,,
planetlab-n2.wand.net.nz,171.509,171.554,171.7,0.231
,,,,
planetlab-n2.wand.net.nz,171.505,171.905,177.015,1.292
,,,,
planetlab-n2.wand.net.nz,171.512,171.557,171.776,0.493
,,,,
planetlab-n2.wand.net.nz,171.522,171.832,177.209,1.327
,,,,
planetlab-n2.wand.net.nz,171.512,171.57,171.762,0.143
,,,,
planetlab-n2.wand.net.nz,171.506,171.832,175.795,1.116
,,,,
planetlab-n2.wand.net.nz,171.506,171.552,171.652,0.415
,,,,
planetlab-n2.wand.net.nz,171.5,171.551,171.647,0.491
,,,,
planetlab-n2.wand.net.nz,171.516,171.7,174.334,0.672
,,,,
planetlab-n2.wand.net.nz,171.504,171.571,171.672,0.373
,,,,
planetlab-n2.wand.net.nz,171.523,172.171,180.325,1.963
,,,,
planetlab-n2.wand.net.nz,171.516,171.648,172.346,0.523
,,,,
planetlab-n2.wand.net.nz,171.539,171.806,173.194,0.675
,,,,
planetlab-n2.wand.net.nz,171.515,171.698,172.36,0.452
,,,,
planetlab-n2.wand.net.nz,171.512,171.592,171.941,0.36
,,,,
planetlab-n2.wand.net.nz,171.512,171.774,173.128,0.534
,,,,
planetlab-n2.wand.net.nz,171.532,171.618,172.062,0.236
,,,,
planetlab-n2.wand.net.nz,171.523,171.723,172.611,0.353
,,,,
planetlab-n2.wand.net.nz,171.536,171.575,171.634,0.371
,,,,
planetlab-n2.wand.net.nz,171.53,171.648,172.998,0.386
,,,,
planetlab-n2.wand.net.nz,171.516,172.159,175.583,1.097
,,,,
planetlab-n2.wand.net.nz,171.534,171.611,172.23,0.459
,,,,
planetlab-n2.wand.net.nz,171.511,171.638,172.362,0.557
,,,,
planetlab-n2.wand.net.nz,171.52,171.867,175.67,0.956
,,,,
planetlab-n2.wand.net.nz,171.504,171.553,171.744,0.297
,,,,
planetlab-n2.wand.net.nz,171.511,171.885,175.171,1.093
,,,,
planetlab-n2.wand.net.nz,171.491,171.806,175.504,1.036
,,,,
planetlab-n2.wand.net.nz,171.502,171.835,177.336,1.269
,,,,
planetlab-n2.wand.net.nz,171.508,171.549,171.603,0.393
,,,,
planetlab-n2.wand.net.nz,171.536,171.769,172.479,0.382
,,,,
planetlab-n2.wand.net.nz,171.52,171.634,172.152,0.592
,,,,
planetlab-n2.wand.net.nz,171.524,171.675,172.724,0.373
,,,,
planetlab-n2.wand.net.nz,171.481,171.644,172.011,0.569
,,,,
planetlab-n2.wand.net.nz,171.536,171.789,172.74,0.492
,,,,
planetlab-n2.wand.net.nz,171.523,172.019,176.155,1.12
,,,,
planetlab-n2.wand.net.nz,171.519,172.002,176.839,1.201
,,,,
planetlab-n2.wand.net.nz,171.547,171.74,172.452,0.605
,,,,
planetlab-n2.wand.net.nz,171.533,171.913,174.44,0.755
,,,,
planetlab-n2.wand.net.nz,171.551,171.664,172.479,0.303
,,,,
planetlab-n2.wand.net.nz,171.522,171.597,171.771,0.268
,,,,
planetlab-n2.wand.net.nz,171.519,172.46,182.354,2.348
,,,,
planetlab-n2.wand.net.nz,171.516,172.057,175.717,1.286
,,,,
planetlab-n2.wand.net.nz,171.516,171.586,171.788,0.495
,,,,
planetlab-n2.wand.net.nz,171.513,171.597,172.285,0.463
,,,,
planetlab-n2.wand.net.nz,171.505,171.559,171.688,0.558
,,,,
planetlab-n2.wand.net.nz,171.505,171.818,176.028,0.972
,,,,
planetlab-n2.wand.net.nz,171.495,171.543,171.585,0.321
,,,,
planetlab-n2.wand.net.nz,171.509,171.563,171.621,0.371
,,,,
planetlab-n2.wand.net.nz,171.519,171.547,171.607,0.393
,,,,
planetlab-n2.wand.net.nz,171.511,171.549,171.604,0.571
,,,,
planetlab-n2.wand.net.nz,171.517,171.558,171.742,0.233
,,,,
planetlab-n2.wand.net.nz,171.522,171.979,180.223,1.931
,,,,
planetlab-n2.wand.net.nz,171.495,171.538,171.638,0.371
,,,,
planetlab-n2.wand.net.nz,171.515,171.611,172.147,0.402
,,,,
planetlab-n2.wand.net.nz,171.496,171.862,177.241,1.348
,,,,
planetlab-n2.wand.net.nz,171.5,171.611,172.37,0.488
,,,,
planetlab-n2.wand.net.nz,171.51,171.653,171.768,0.38
,,,,
planetlab-n2.wand.net.nz,171.565,171.814,173.57,0.681
,,,,
planetlab-n2.wand.net.nz,171.541,172.206,181.198,2.148
,,,,
planetlab-n2.wand.net.nz,171.564,172.138,174.404,1.016
,,,,
planetlab-n2.wand.net.nz,171.573,172.062,174.885,0.889
,,,,
planetlab-n2.wand.net.nz,171.516,171.895,172.989,0.615
,,,,
planetlab-n2.wand.net.nz,171.529,171.627,171.99,0.224
,,,,
planetlab-n2.wand.net.nz,171.523,171.595,171.789,0.268
,,,,
planetlab-n2.wand.net.nz,171.532,171.922,176.247,1.153
,,,,
planetlab-n2.wand.net.nz,171.506,171.554,171.661,0.416
,,,,
planetlab-n2.wand.net.nz,171.513,171.847,173.318,0.841
,,,,
planetlab-n2.wand.net.nz,171.521,171.787,174.183,0.786
,,,,
planetlab-n2.wand.net.nz,171.514,171.602,172.441,0.559
,,,,
planetlab-n2.wand.net.nz,171.535,171.574,171.636,0.507
,,,,
planetlab-n2.wand.net.nz,171.532,171.586,171.984,0.094
,,,,
planetlab-n2.wand.net.nz,171.542,171.567,171.624,0.54
,,,,
planetlab-n2.wand.net.nz,171.536,171.57,171.619,0.556
,,,,
planetlab-n2.wand.net.nz,171.525,171.568,171.635,0.262
,,,,
planetlab-n2.wand.net.nz,171.533,171.566,171.598,0.555
,,,,
planetlab-n2.wand.net.nz,171.518,171.578,171.786,0.374
,,,,
planetlab-n2.wand.net.nz,171.52,171.642,173.009,0.43
,,,,
planetlab-n2.wand.net.nz,171.539,171.595,171.82,0.529
,,,,
planetlab-n2.wand.net.nz,171.553,171.638,172.427,0.23
,,,,
planetlab-n2.wand.net.nz,171.53,171.583,171.647,0.524
,,,,
planetlab-n2.wand.net.nz,171.574,171.702,172.307,0.156
,,,,
planetlab-n2.wand.net.nz,171.532,171.689,172.426,0.476
,,,,
planetlab-n2.wand.net.nz,171.54,171.784,172.72,0.522
,,,,
planetlab-n2.wand.net.nz,171.524,171.656,171.941,0.565
,,,,
planetlab-n2.wand.net.nz,171.532,171.866,172.998,0.688
,,,,
planetlab-n2.wand.net.nz,171.529,171.648,172.113,0.169
,,,,
planetlab-n2.wand.net.nz,171.528,171.963,177.937,1.487
,,,,
planetlab-n2.wand.net.nz,171.529,171.586,171.991,0.28
,,,,
planetlab-n2.wand.net.nz,171.51,171.558,171.712,0.557
,,,,
planetlab-n2.wand.net.nz,171.496,171.876,178.038,1.502
,,,,
planetlab-n2.wand.net.nz,171.526,171.647,172.862,0.638
,,,,
planetlab-n2.wand.net.nz,171.501,171.568,171.722,0.574
,,,,
planetlab-n2.wand.net.nz,171.509,171.544,171.621,0.415
,,,,
planetlab-n2.wand.net.nz,171.496,171.567,172.067,0.486
,,,,
planetlab-n2.wand.net.nz,171.516,171.803,176.212,1.055
,,,,
planetlab-n2.wand.net.nz,171.476,171.876,178.367,1.517
,,,,
planetlab-n2.wand.net.nz,171.492,171.545,171.625,0.415
,,,,
planetlab-n2.wand.net.nz,171.504,171.539,171.633,0.321
,,,,
planetlab-n2.wand.net.nz,171.497,171.53,171.563,0.434
,,,,
planetlab-n2.wand.net.nz,171.511,171.583,172.272,0.381
,,,,
planetlab-n2.wand.net.nz,171.511,171.533,171.59,0.507
,,,,
planetlab-n2.wand.net.nz,171.522,171.582,171.705,0.527
,,,,
planetlab-n2.wand.net.nz,171.534,171.585,171.865,0.353
,,,,
planetlab-n2.wand.net.nz,171.528,171.621,172.718,0.567
,,,,
planetlab-n2.wand.net.nz,171.526,171.679,171.897,0.366
,,,,
planetlab-n2.wand.net.nz,171.529,171.748,172.348,0.421
,,,,
planetlab-n2.wand.net.nz,171.511,171.829,173.447,0.751
,,,,
planetlab-n2.wand.net.nz,171.53,171.79,174.136,0.629
,,,,
planetlab-n2.wand.net.nz,171.521,171.626,172.083,0.414
,,,,
planetlab-n2.wand.net.nz,171.504,171.937,178.408,1.533
,,,,
planetlab-n2.wand.net.nz,171.502,171.555,171.622,0.491
,,,,
planetlab-n2.wand.net.nz,171.507,171.56,171.773,0.144
,,,,
planetlab-n2.wand.net.nz,171.523,171.557,171.677,0.322
,,,,
planetlab-n2.wand.net.nz,171.5,171.537,171.562,0.321
,,,,
planetlab-n2.wand.net.nz,171.516,171.702,174.601,0.783
,,,,
planetlab-n2.wand.net.nz,171.492,171.542,171.609,0.508
,,,,
planetlab-n2.wand.net.nz,171.512,171.635,173.14,0.585
,,,,
planetlab-n2.wand.net.nz,171.519,171.556,171.612,0.133
,,,,
planetlab-n2.wand.net.nz,171.504,171.57,172.003,0.519
,,,,
planetlab-n2.wand.net.nz,171.515,171.543,171.571,0.49
,,,,
planetlab-n2.wand.net.nz,171.502,171.95,179.69,1.823
,,,,
planetlab-n2.wand.net.nz,171.514,171.735,175.26,0.88
,,,,
planetlab-n2.wand.net.nz,171.513,173.598,180.888,2.729
,,,,
planetlab-n2.wand.net.nz,171.505,171.722,175.021,0.92
,,,,
planetlab-n2.wand.net.nz,171.524,171.602,172.398,0.571
,,,,
planetlab-n2.wand.net.nz,171.513,171.564,171.655,0.416
,,,,
planetlab-n2.wand.net.nz,171.51,171.965,178.746,1.603
,,,,
planetlab-n2.wand.net.nz,171.536,171.59,171.99,0.563
,,,,
planetlab-n2.wand.net.nz,171.511,171.763,174.426,0.827
,,,,
planetlab-n2.wand.net.nz,171.534,171.659,172.643,0.618
,,,,
planetlab-n2.wand.net.nz,171.516,172.012,178.615,1.607
,,,,
planetlab-n2.wand.net.nz,171.558,171.729,172.733,0.305
,,,,
planetlab-n2.wand.net.nz,171.533,171.686,172.365,0.378
,,,,
planetlab-n2.wand.net.nz,171.534,171.623,171.82,0.514
,,,,
planetlab-n2.wand.net.nz,171.555,171.883,173.176,0.54
,,,,
planetlab-n2.wand.net.nz,171.54,171.705,172.278,0.49
,,,,
planetlab-n2.wand.net.nz,171.521,171.794,175.864,0.946
,,,,
planetlab-n2.wand.net.nz,171.526,171.608,172.084,0.525
,,,,
planetlab-n2.wand.net.nz,171.515,171.583,171.793,0.511
,,,,
planetlab-n2.wand.net.nz,171.521,171.572,171.946,0.244
,,,,
planetlab-n2.wand.net.nz,171.521,171.774,175.31,0.826
,,,,
planetlab-n2.wand.net.nz,171.516,171.754,175.594,0.91
,,,,
planetlab-n2.wand.net.nz,171.487,171.773,176.234,1.142
,,,,
planetlab-n2.wand.net.nz,171.5,171.547,171.58,0.414
,,,,
planetlab-n2.wand.net.nz,171.518,171.576,171.775,0.351
,,,,
planetlab-n2.wand.net.nz,171.498,171.557,171.733,0.323
,,,,
planetlab-n2.wand.net.nz,171.51,171.545,171.702,0.039
,,,,
planetlab-n2.wand.net.nz,171.505,171.552,171.64,0.415
,,,,
planetlab-n2.wand.net.nz,171.472,171.535,171.614,0.228
,,,,
planetlab-n2.wand.net.nz,171.483,171.538,171.688,0.137
,,,,
planetlab-n2.wand.net.nz,171.503,171.994,178.357,1.638
,,,,
planetlab-n2.wand.net.nz,171.494,172.048,177.038,1.499
,,,,
planetlab-n2.wand.net.nz,171.476,172.241,179.829,2.2
,,,,
planetlab-n2.wand.net.nz,171.515,171.567,171.725,0.474
,,,,
planetlab-n2.wand.net.nz,171.503,171.534,171.57,0.015
,,,,
planetlab-n2.wand.net.nz,171.499,171.542,171.615,0.525
,,,,
planetlab-n2.wand.net.nz,171.501,171.551,171.742,0.542
,,,,
planetlab-n2.wand.net.nz,171.508,171.55,171.679,0.19
,,,,
planetlab-n2.wand.net.nz,171.52,171.569,171.701,0.045
,,,,
planetlab-n2.wand.net.nz,171.518,171.543,171.596,0.321
,,,,
planetlab-n2.wand.net.nz,171.526,171.829,176.642,1.232
,,,,
planetlab-n2.wand.net.nz,171.527,171.579,171.72,0.35
,,,,
planetlab-n2.wand.net.nz,171.519,171.716,172.203,0.544
,,,,
planetlab-n2.wand.net.nz,171.544,171.612,172.134,0.538
,,,,
planetlab-n2.wand.net.nz,171.536,171.581,171.773,0.456
,,,,
planetlab-n2.wand.net.nz,171.533,171.605,172.041,0.11
,,,,
planetlab-n2.wand.net.nz,171.522,172.027,176.357,1.092
,,,,
planetlab-n2.wand.net.nz,171.537,171.784,174.808,0.709
,,,,
planetlab-n2.wand.net.nz,171.532,171.768,175.398,0.968
,,,,
planetlab-n2.wand.net.nz,171.52,172.362,178.917,1.679
,,,,
planetlab-n2.wand.net.nz,171.523,171.585,171.797,0.272
,,,,
planetlab-n2.wand.net.nz,171.514,171.585,171.909,0.382
,,,,
planetlab-n2.wand.net.nz,171.516,171.912,178.248,1.522
,,,,
planetlab-n2.wand.net.nz,171.513,172.017,179.376,1.704
,,,,
planetlab-n2.wand.net.nz,171.497,171.922,179.351,1.797
,,,,
planetlab-n2.wand.net.nz,171.506,171.557,171.746,0.527
,,,,
planetlab-n2.wand.net.nz,171.507,171.544,171.594,0.556
,,,,
planetlab-n2.wand.net.nz,171.486,171.58,172.231,0.33
,,,,
planetlab-n2.wand.net.nz,171.501,171.543,171.575,0.571
,,,,
planetlab-n2.wand.net.nz,171.515,171.551,171.675,0.508
,,,,
planetlab-n2.wand.net.nz,171.512,171.542,171.602,0.54
,,,,
planetlab-n2.wand.net.nz,171.5,171.536,171.602,0.414
,,,,
planetlab-n2.wand.net.nz,171.515,171.545,171.593,0.393
,,,,
planetlab-n2.wand.net.nz,171.508,171.54,171.636,0.556
,,,,
planetlab-n2.wand.net.nz,171.519,171.843,176.997,1.303
,,,,
planetlab-n2.wand.net.nz,171.513,171.55,171.619,0.556
,,,,
planetlab-n2.wand.net.nz,171.512,171.567,171.717,0.418
,,,,
planetlab-n2.wand.net.nz,171.51,171.541,171.588,0.371
,,,,
planetlab-n2.wand.net.nz,171.523,171.597,171.968,0.165
,,,,
planetlab-n2.wand.net.nz,171.515,171.701,172.458,0.534
,,,,
planetlab-n2.wand.net.nz,171.515,171.552,171.694,0.295
,,,,
planetlab-n2.wand.net.nz,171.489,171.569,171.857,0.532
,,,,
planetlab-n2.wand.net.nz,171.499,171.55,171.684,0.296
,,,,
planetlab-n2.wand.net.nz,171.51,171.57,171.906,0.561
,,,,
planetlab-n2.wand.net.nz,171.504,171.532,171.563,0.131
,,,,
planetlab-n2.wand.net.nz,171.498,171.526,171.551,0.507
,,,,
planetlab-n2.wand.net.nz,171.485,171.624,173.488,0.595
,,,,
planetlab-n2.wand.net.nz,171.511,171.558,171.696,0.348
,,,,
planetlab-n2.wand.net.nz,171.516,171.583,171.915,0.479
,,,,
planetlab-n2.wand.net.nz,171.545,172.659,182.581,3.217
,,,,
planetlab-n2.wand.net.nz,171.512,171.856,175.659,0.926
,,,,
planetlab-n2.wand.net.nz,171.518,171.735,172.732,0.462
,,,,
planetlab-n2.wand.net.nz,171.538,171.681,171.956,0.552
,,,,
planetlab-n2.wand.net.nz,171.533,171.769,173.876,0.604
,,,,
planetlab-n2.wand.net.nz,171.512,171.629,171.959,0.506
,,,,
planetlab-n2.wand.net.nz,171.518,171.698,172.875,0.634
,,,,
planetlab-n2.wand.net.nz,171.506,171.883,174.869,0.923
,,,,
planetlab-n2.wand.net.nz,171.504,171.595,172.269,0.516
,,,,
planetlab-n2.wand.net.nz,171.522,171.555,171.655,0.229
,,,,
planetlab-n2.wand.net.nz,171.511,171.636,173.139,0.667
,,,,
planetlab-n2.wand.net.nz,171.517,171.761,175.514,0.956
,,,,
planetlab-n2.wand.net.nz,171.516,171.637,173.222,0.665
,,,,
planetlab-n2.wand.net.nz,171.528,171.614,172.542,0.484
,,,,
planetlab-n2.wand.net.nz,171.505,171.551,171.625,0.371
,,,,
planetlab-n2.wand.net.nz,171.505,171.554,171.65,0.416
,,,,
planetlab-n2.wand.net.nz,171.498,171.543,171.639,0.556
,,,,
planetlab-n2.wand.net.nz,171.501,171.557,171.635,0.491
,,,,
planetlab-n2.wand.net.nz,171.505,171.59,172.075,0.505
,,,,
planetlab-n2.wand.net.nz,171.517,171.574,171.683,0.509
,,,,
planetlab-n2.wand.net.nz,171.509,171.545,171.609,0.414
,,,,
planetlab-n2.wand.net.nz,171.504,171.61,172.008,0.414
,,,,
planetlab-n2.wand.net.nz,171.508,171.609,172.386,0.57
,,,,
planetlab-n2.wand.net.nz,171.523,171.564,171.648,0.348
,,,,
planetlab-n2.wand.net.nz,171.543,171.601,171.803,0.544
,,,,
planetlab-n2.wand.net.nz,171.521,171.643,171.8,0.546
,,,,
planetlab-n2.wand.net.nz,171.542,171.649,172.007,0.384
,,,,
planetlab-n2.wand.net.nz,171.538,171.721,172.687,0.626
,,,,
planetlab-n2.wand.net.nz,171.562,171.765,173.466,0.626
,,,,
planetlab-n2.wand.net.nz,171.542,172.001,178.229,1.477
,,,,
planetlab-n2.wand.net.nz,171.525,171.619,172.069,0.553
,,,,
planetlab-n2.wand.net.nz,171.485,171.697,172.99,0.608
,,,,
planetlab-n2.wand.net.nz,171.522,171.552,171.619,0.024
,,,,
planetlab-n2.wand.net.nz,171.479,171.543,171.598,0.454
,,,,
planetlab-n2.wand.net.nz,171.498,171.572,171.824,0.559
,,,,
planetlab-n2.wand.net.nz,171.51,171.58,171.931,0.403
,,,,
planetlab-n2.wand.net.nz,171.506,171.571,171.822,0.4
,,,,
planetlab-n2.wand.net.nz,171.509,171.555,171.649,0.525
,,,,
planetlab-n2.wand.net.nz,171.49,171.594,172.714,0.343
,,,,
planetlab-n2.wand.net.nz,171.503,171.564,171.762,0.234
,,,,
planetlab-n2.wand.net.nz,171.499,171.796,175.746,0.991
,,,,
planetlab-n2.wand.net.nz,171.496,171.535,171.649,0.571
,,,,
planetlab-n2.wand.net.nz,171.493,171.532,171.576,0.507
,,,,
planetlab-n2.wand.net.nz,171.521,171.566,171.703,0.456
,,,,
planetlab-n2.wand.net.nz,171.488,171.566,172.066,0.341
,,,,
planetlab-n2.wand.net.nz,171.484,171.538,171.613,0.394
,,,,
planetlab-n2.wand.net.nz,171.506,171.553,171.874,0.46
,,,,
planetlab-n2.wand.net.nz,171.489,171.887,177.919,1.445
,,,,
planetlab-n2.wand.net.nz,171.515,171.603,171.828,0.461
,,,,
planetlab-n2.wand.net.nz,171.552,171.694,172.168,0.299
,,,,
planetlab-n2.wand.net.nz,171.525,171.91,176.285,1.119
,,,,
planetlab-n2.wand.net.nz,171.522,171.788,172.485,0.275
,,,,
planetlab-n2.wand.net.nz,171.526,171.66,172.282,0.31
,,,,
planetlab-n2.wand.net.nz,171.501,171.599,171.787,0.4
,,,,
planetlab-n2.wand.net.nz,171.509,171.568,171.655,0.348
,,,,
planetlab-n2.wand.net.nz,171.495,172.242,184.674,2.879
,,,,
planetlab-n2.wand.net.nz,171.506,171.565,171.762,0.193
,,,,
planetlab-n2.wand.net.nz,171.509,171.603,172.683,0.58
,,,,
planetlab-n2.wand.net.nz,171.508,171.54,171.613,0.186
,,,,
planetlab-n2.wand.net.nz,171.505,171.559,171.65,0.541
,,,,
planetlab-n2.wand.net.nz,171.517,171.634,173.024,0.57
,,,,
planetlab-n2.wand.net.nz,171.493,171.535,171.664,0.372
,,,,
planetlab-n2.wand.net.nz,171.495,171.719,175.108,0.81
,,,,
planetlab-n2.wand.net.nz,171.499,171.545,171.65,0.348
,,,,
planetlab-n2.wand.net.nz,171.507,171.998,180.802,2.082
,,,,
planetlab-n2.wand.net.nz,171.497,171.54,171.726,0.395
,,,,
planetlab-n2.wand.net.nz,171.508,172.138,179.539,1.748
,,,,
planetlab-n2.wand.net.nz,171.499,171.872,177.944,1.477
,,,,
planetlab-n2.wand.net.nz,171.498,171.534,171.634,0.556
,,,,
planetlab-n2.wand.net.nz,171.491,171.681,172.43,0.583
,,,,
planetlab-n2.wand.net.nz,171.492,171.565,171.889,0.497
,,,,
planetlab-n2.wand.net.nz,152.577,153.196,161.174,1.88
,,,,
planetlab-n2.wand.net.nz,171.496,171.569,171.689,0.573
,,,,
planetlab-n2.wand.net.nz,171.529,171.824,174.7,0.88
,,,,
planetlab-n2.wand.net.nz,171.54,171.7,173.137,0.629
,,,,
planetlab-n2.wand.net.nz,171.547,172.054,174.742,0.974
,,,,
planetlab-n2.wand.net.nz,171.52,171.608,171.725,0.194
,,,,
planetlab-n2.wand.net.nz,171.528,171.663,173.115,0.652
,,,,
planetlab-n2.wand.net.nz,171.517,171.604,172.199,0.397
,,,,
planetlab-n2.wand.net.nz,171.537,171.582,171.821,0.527
,,,,
planetlab-n2.wand.net.nz,171.492,171.552,171.651,0.188
,,,,
planetlab-n2.wand.net.nz,171.515,171.549,171.621,0.371
,,,,
planetlab-n2.wand.net.nz,171.505,171.554,171.746,0.558
,,,,
planetlab-n2.wand.net.nz,171.499,171.553,171.65,0.187
,,,,
planetlab-n2.wand.net.nz,171.5,171.86,175.208,1.066
,,,,
planetlab-n2.wand.net.nz,171.478,171.542,171.569,0.393
,,,,
planetlab-n2.wand.net.nz,171.468,171.538,171.637,0.455
,,,,
planetlab-n2.wand.net.nz,171.526,171.565,171.833,0.458
,,,,
planetlab-n2.wand.net.nz,171.507,171.571,171.769,0.375
,,,,
planetlab-n2.wand.net.nz,171.526,171.556,171.62,0.321
,,,,
planetlab-n2.wand.net.nz,171.497,171.735,174.279,0.809
,,,,
planetlab-n2.wand.net.nz,171.505,171.544,171.588,0.434
,,,,
planetlab-n2.wand.net.nz,171.504,171.71,174.765,0.876
,,,,
planetlab-n2.wand.net.nz,171.508,171.587,171.787,0.561
,,,,
planetlab-n2.wand.net.nz,171.503,171.668,172.725,0.601
,,,,
planetlab-n2.wand.net.nz,152.552,153.134,159.605,1.519
,,,,
planetlab-n2.wand.net.nz,171.493,171.657,172.827,0.586
,,,,
planetlab-n2.wand.net.nz,171.526,171.667,172.54,0.632
,,,,
planetlab-n2.wand.net.nz,171.524,171.684,172.689,0.596
,,,,
planetlab-n2.wand.net.nz,171.105,171.156,171.316,0.492
,,,,
planetlab-n2.wand.net.nz,171.127,171.182,171.324,0.14
,,,,
planetlab-n2.wand.net.nz,171.116,171.175,171.528,0.577
,,,,
planetlab-n2.wand.net.nz,171.127,171.234,172.761,0.656
,,,,
planetlab-n2.wand.net.nz,171.109,171.144,171.19,0.186
,,,,
planetlab-n2.wand.net.nz,171.117,171.144,171.211,0.523
,,,,
planetlab-n2.wand.net.nz,171.113,171.159,171.33,0.436
,,,,
planetlab-n2.wand.net.nz,171.101,171.453,177.123,1.415
,,,,
planetlab-n2.wand.net.nz,171.101,171.395,176.104,1.089
,,,,
planetlab-n2.wand.net.nz,171.119,171.309,174.384,0.807
,,,,
planetlab-n2.wand.net.nz,171.112,171.607,178.677,1.723
,,,,
planetlab-n2.wand.net.nz,171.116,171.145,171.196,0.024
,,,,
planetlab-n2.wand.net.nz,171.104,171.156,171.222,0.434
,,,,
planetlab-n2.wand.net.nz,171.53,171.586,172.006,0.482
,,,,
planetlab-n2.wand.net.nz,171.53,171.615,172.699,0.55
,,,,
planetlab-n2.wand.net.nz,171.527,171.549,171.564,0.49
,,,,
planetlab-n2.wand.net.nz,171.515,171.556,171.597,0.393
,,,,
planetlab-n2.wand.net.nz,171.528,171.568,171.644,0.435
,,,,
planetlab-n2.wand.net.nz,171.53,171.596,171.767,0.456
,,,,
planetlab-n2.wand.net.nz,171.527,171.567,171.684,0.491
,,,,
planetlab-n2.wand.net.nz,171.561,172.766,176.298,1.257
,,,,
planetlab-n2.wand.net.nz,171.512,171.681,172.494,0.406
,,,,
planetlab-n2.wand.net.nz,171.504,171.618,172.346,0.421
,,,,
planetlab-n2.wand.net.nz,171.557,232.932,382.403,60.753
,,,,
planetlab-n2.wand.net.nz,176.483,286.108,403.344,82.151
,,,,
planetlab-n2.wand.net.nz,171.548,246.948,386.654,65.444
,,,,
planetlab-n2.wand.net.nz,171.539,217.096,397.27,62.697
,,,,
planetlab-n2.wand.net.nz,175.377,278.493,423.488,80.07
,,,,
planetlab-n2.wand.net.nz,174.439,293.708,408.744,62.992
,,,,
planetlab-n2.wand.net.nz,171.537,233.13,411.581,65.264
,,,,
planetlab-n2.wand.net.nz,171.522,171.742,175.112,0.925
,,,,
planetlab-n2.wand.net.nz,171.538,171.563,171.622,0.524
,,,,
planetlab-n2.wand.net.nz,171.528,171.562,171.64,0.54
,,,,
,171.4346789,173.1867859,177.6933551,1.976477807
